Label,Field Name,Syncing in C.IO?,Matching Data Index Attribute,People Count,Last Updated
1099 Federal Withholdings,x1099_federal_withholdings__c,NO,,,
1099 Tax Withholding,x1099_tax_withholding__c,NO,,,
1st Contact Date,x1st_contact_date__c,NO,,,
1st Contact Made,x1st_contact_made__c,NO,,,
5 Year Bonus Paid Date,x5_year_bonus_paid_date__c,NO,,,
Account #,tms__accountnum__c,NO,,,
Account # (other),tms__account_othernum__c,NO,,,
Account Code,account_code__c,NO,,,
Account ID,accountid,NO,,,
Account Name,avtrrt__account_name__c,NO,,,
Accounting Id,tms__accounting_id__c,NO,,,
Actual Marital Status,actual_marital_status__c,NO,,,
Add Employee in the Payroll,tms__add_employee_in_the_payroll__c,NO,,,
Additional Email Information,additional_email_information__c,NO,,,
Additional Names,additional_names__c,NO,,,
Additional Phone Information,additional_phone_information__c,NO,,,
Adjust Ded Amount,adjust_ded_amount__c,NO,,,
Adjust Ded Code,adjust_ded_code__c,NO,,,
ADP File Number,adp_file_number__c,NO,,,
Ad-Source Additional Info,ad_source_additional_info__c,NO,,,
Alternate Email,alternate_email__c,YES,Alternate_Email__c,129,1970-01-01T00:00:00Z
Annual Hours Worked,annual_hours_worked__c,NO,,,
AR Submitter,ar_submitter__c,NO,,,
ASL,asl__c,NO,,,
Authorized Representative Email,authorized_representative_email__c,NO,,,
Authorized Representative First Name,authorized_representative_first_name__c,NO,,,
Authorized Representative Last Name,authorized_representative_last_name__c,NO,,,
Authorized Representative Name,authorized_representative_name__c,NO,,,
Auto Insurance Exp Date,auto_insurance_exp_date__c,NO,,,
Automated PayPackage Email Sent,avtrrt__automated_paypackage_email_sent__c,NO,,,
Availability To Interview,avtrrt__availability_to_interview__c,NO,,,
Available To Start,avtrrt__available_to_start__c,NO,,,
Background Check,avtrrt__background_check__c,NO,,,
Background Check Notes,background_check_notes__c,NO,,,
Background Check Status,background_check_status__c,NO,,,
Background Clearance Date,background_clearance_date__c,NO,,,
Background Screening Completed,background_screening_completed__c,NO,,,
Background Screening Paid Date,background_screening_paid_date__c,NO,,,
BADGE,badge__c,NO,,,
Badge Notes,badge_notes__c,NO,,,
Bank Deposit Account Number,bank_deposit_account_number__c,NO,,,
Bank Deposit Prenote Date,bank_deposit_prenote_date__c,NO,,,
Bank Deposit Routing Number,bank_deposit_routing_number__c,NO,,,
Bank Name (other),tms__bank_name_other__c,NO,,,
Behavioral Training,behavioral_training__c,NO,,,
Behavioral Training Completed Date,bhavioral_training_completed_date__c,NO,,,
Behavioral Training Paid Date,behavioral_training_paid_date__c,NO,,,
Benefits,benefits__c,NO,,,
Benefits Eligibility Class,benefits_eligibility_class__c,NO,,,
Bilingual,bilingual__c,NO,,,
Bill to Vendor,tms__bill_to_vendor__c,NO,,,
Birthdate,birthdate,YES,Birthdate,630,2026-02-10T21:39:19Z
Bloodborne Pathogens Training Expiration,bloodborne_pathogens_training_expiration__c,NO,,,
Business Fax,fax,NO,,,
Business Phone,phone,YES,phone,37824,2026-02-12T16:16:51Z
Business Segment,business_segment__c,YES,Business_Segment__c / Business_Segment_c,36296 / 18728,2026-02-12T16:16:55Z
Business Unit,business_unit__c,YES,Business_Unit__c,58433,2026-02-12T16:16:55Z
CallEmAll Broadcast Id,avtrrt__callemall_broadcast_id__c,NO,,,
Candidate,avtrrt__candidate_link__c,NO,,,
Candidate Category,category_new__c,YES,Category_NEW__c,19865,2026-02-12T15:08:07Z
Candidate Documents URL,candidate_documents_url__c,NO,,,
Candidate Id,avtrrt__candidate_id__c,YES,AVTRRT__Candidate_Id__c,34874,2026-02-12T16:16:51Z
Candidate Presentation File URL,avtrrt__candidate_presentation_file_url__c,NO,,,
Candidate Rating,avtrrt__candidate_rating__c,NO,,,
Candidate Short List,avtrrt__candidate_short_list__c,NO,,,
Candidate Source,candidate_source__c,YES,Candidate_Source__c / Candidate_Source,63071 / 31226,2026-02-12T15:08:07Z
Candidate Source Detail,candidate_source_detail__c,YES,Candidate_Source_Detail__c,1113,1970-01-01T00:00:00Z
Candidate Status,avtrrt__candidate_status__c,YES,AVTRRT__Candidate_Status__c,22358,2026-02-12T15:08:07Z
Candidate Status Auto-Match,candidate_status_auto_match__c,NO,,,
Candidate Status Validation,candidate_status_validation__c,NO,,,
Candidate Submitter,candidate_submitter__c,NO,,,
Candidate Summary,avtrrt__candidate_summary__c,NO,,,
Candidate Write Up,avtrrt__candidate_write_up__c,NO,,,
Caregiver ID,avtrrt__prophecy_caregiver_id__c,NO,,,
Cell Phone,avtrrt__cell_phone__c,NO,,,
Certifications Held,certifications_held__c,NO,,,
CEU Expiration,ceu_expiration__c,NO,,,
CFY?,cfy__c,NO,,,
Change Effective On,tms__change_effective_on__c,NO,,,
Chatter Id,avtrrt__chatter_id__c,NO,,,
Citizenship,b3o__citizenship__c,NO,,,
City,avtrrt__city__c,YES,City,19981,2026-02-12T14:27:23Z
Cleared Date,cleared_date__c,NO,,,
Client Portal,client_portal__c,NO,,,
Client Portal Super User,trgtfcms__client_portal_super_user__c,NO,,,
Clinic Time Completed,clinic_time_completed__c,NO,,,
Clinic Time Paid Date,clinic_time_paid_date__c,NO,,,
CLR Qualified,clr_qualified__c,NO,,,
CMS profile Name,tms__cms_profile_name__c,NO,,,
CMSProfile,fcms__cmsprofile__c,NO,,,
COA Notes,coa_notes__c,NO,,,
College/University,college_university__c,NO,,,
Comments,comments__c,NO,,,
Company Name,fcms__company_name__c,NO,,,
Compliance Due Date,compliance_due_date__c,NO,,,
Compliance Specialist,compliance_specialist__c,NO,,,
Compliance Status,compliance_status__c,NO,,,
Computer Charting Experience,computer_charting_experience__c,NO,,,
Conference/Tradeshow,conference_tradeshow__c,NO,,,
Confirmation,avtrrt__confirmation__c,NO,,,
Consider for next year,consider_for_next_year__c,NO,,,
Contact Combined Flow,contact_combined_flow_validation__c,NO,,,
Contact Description,description,NO,,,
Contact ID,id,YES,id,53803,2026-02-12T16:17:05Z
Contact Method,contact_method__c,NO,,,
Contact Source,contact_source__c,YES,Contact_Source__c,44,1970-01-01T00:00:00Z
Contact Status,contact_status__c,YES,Contact_Status__c,20005,2026-02-12T16:17:15Z
Contact Summary,contact_summary__c,NO,,,
Contact Type,contact_type__c,NO,,,
Contacts/Candidates,contacts_candidates__c,NO,,,
Copilot Summary,avtrrt__copilot_summary__c,NO,,,
Cover Letter,avtrrt__cover_letter__c,NO,,,
COVID Declaration,covid_declaration__c,NO,,,
COVID Declaration Completed,covid_declaration_completed__c,NO,,,
COVID Exemption Approved Date,covid_exemption_approved_date__c,NO,,,
COVID Exemption Type,covid_exemption_type__c,NO,,,
Covid Vaccine Date 1,covid_vaccine_date_1__c,NO,,,
Covid Vaccine Date 2,covid_vaccine_date_2__c,NO,,,
Covid Vaccine Notes,covid_vaccine_notes__c,NO,,,
Covid Vaccine Type,covid_vaccine_type__c,NO,,,
COVID_Vaccine,covid_vaccine__c,NO,,,
CPI Card Expiration,cpi_card_expiration__c,NO,,,
CPR Expiration,cpr_expiration__c,NO,,,
Created By ID,createdbyid,YES,CreatedById,34809,2026-02-12T16:16:51Z
Created By WatchDog,jobbs__is_watchdog__c,NO,,,
Created Date,createddate,YES,CreatedDate,105771,2026-02-12T16:17:51Z
Credential Pack,crdntls__credential_group__c,NO,,,
Credential Pack Value,crdntls__credential_pack_text__c,NO,,,
Credential Status,credential_status__c,NO,,,
Credentialing Last Contact Date,credentialing_last_contact_date__c,NO,,,
Credentialing Notes,credentialing_notes__c,NO,,,
Credentials Completed Date,credentials_completed_date__c,NO,,,
Credentials Ethnicity,crdntls__ethnicity__c,NO,,,
Credentials Gender,crdntls__gender__c,NO,,,
Credentials Maximum score,crdntls__credentials_maximum_score__c,NO,,,
Credentials Pass Score,crdntls__credentials_pass_score__c,NO,,,
Credentials Pass Status,crdntls__credentials_pass_status__c,NO,,,
Credentials Recruiter,crdntls__recruiter__c,NO,,,
Credentials Score,crdntls__credentials_score__c,NO,,,
Critical Access Hospital,critical_access_hospital__c,NO,,,
CTC C O C,ctc_c_o_c__c,NO,,,
Current District,current_district__c,NO,,,
Current Employer,avtrrt__current_employer__c,MAYBE,current_employer (partial name match),26,2026-01-29T20:19:27Z
Current Pay,avtrrt__current_pay__c,NO,,,
Custom street,custom_street__c,NO,,,
Data Source,data_source__c,NO,,,
Data.com Key,jigsaw,NO,,,
Date Mailing Address Confirmed,date_mailing_address_confirmed__c,NO,,,
Date Marketed,date_marketed__c,NO,,,
Date of Last Candidate Status Change,date_of_last_candidate_status_change__c,NO,,,
Date Prioritized,date_prioritized__c,NO,,,
Date Qualified,date_qualified__c,NO,,,
Daxtra Candidate Id,jobbs__daxtra_candidate_id__c,NO,,,
Days Since Last Placement,days_since_last_placement__c,NO,,,
Days to Maintain Ownership,days_to_maintain_ownership__c,NO,,,
Deal Sheet,deal_sheet__c,NO,,,
Definitive Healthcare ID,definitive_healthcare_id__c,NO,,,
Deleted,isdeleted,NO,,,
Desired Job Duration,desired_job_duration__c,NO,,,
Desired Pay,avtrrt__desired_pay_range_from__c,NO,,,
Desired Pay Type,avtrrt__pay_type__c,NO,,,
Desired Salary,desired_salary__c,NO,,,
Discipline,discipline_new__c,YES,Discipline_NEW__c / Discipline,35657 / 33228,2026-02-12T16:16:55Z
Display all tasks for timesheet,tms__display_all_tasks_for_timesheet__c,NO,,,
District Notes,district_notes__c,NO,,,
DNU,dnu__c,NO,,,
DNU Reason,dnu_reason__c,NO,,,
Do Not Calculate Federal Tax,do_not_calculate_federal_tax__c,NO,,,
Do Not Calculate Medicare,do_not_calculate_medicare__c,NO,,,
Do Not Calculate Social Security,do_not_calculate_social_security__c,NO,,,
Do Not Calculate State Tax,do_not_calculate_state_tax__c,NO,,,
Do Not Call,donotcall,NO,,,
Do Not Return 1,do_not_return_1__c,NO,,,
Do Not Return 2,do_not_return_2__c,NO,,,
Do Not Text,do_not_text__c,NO,,,
DOJ Clearance,doj_clearance__c,NO,,,
Driver Licence Number,avtrrt__driver_licence_number__c,NO,,,
Driver Licence State,avtrrt__driver_licence_state__c,NO,,,
Driver's License Expiration,driver_s_license_expiration__c,NO,,,
Driving Policy,driving_policy__c,NO,,,
Drug Screen Status,drug_screen_status__c,NO,,,
Duplicate Criteria,avtrrt__duplicate_criteria__c,NO,,,
eBlast Marketing Location,eblast_marketing_location__c,NO,,,
EC1 Email,ec1_email__c,NO,,,
EC1 Name,ec1_name__c,NO,,,
EC1 Primary Phone,ec1_primary_phone__c,NO,,,
EC1 Relation,ec1_relation__c,NO,,,
EC1 Secondary Phone,ec1_secondary_phone__c,NO,,,
EC2 Email,ec2_email__c,NO,,,
EC2 Name,ec2_name__c,NO,,,
EC2 Primary Phone,ec2_primary_phone__c,NO,,,
EC2 Relation,ec2_relation__c,NO,,,
EC2 Secondary Phone,ec2_secondary_phone__c,NO,,,
EDU Field Updated By,edu_field_updated_by__c,NO,,,
EDU Field Updates,edu_field_updates__c,NO,,,
EDU Field Updates Date,edu_field_updates_date__c,NO,,,
EDU Field Updates Status,edu_field_updates_status__c,NO,,,
Education,avtrrt__education_candidateprof__c,NO,,,
Education Details,avtrrt__education_details__c,NO,,,
Education History,education_history__c,NO,,,
Education Summary,avtrrt__education_summary__c,NO,,,
EEO Gender,eeo_gender__c,NO,,,
EIN Number,ein_number__c,NO,,,
Email,email,YES,email,181863,2026-02-12T16:16:52Z
Email Bounced Date,emailbounceddate,NO,,,
Email Bounced Reason,emailbouncedreason,NO,,,
Email Opt Out,hasoptedoutofemail,NO,,,
Email Opt Out Date,email_opt_out_date__c,NO,,,
Emails Sent,avtrrt__recent_template__c,NO,,,
Employee Id,tms__employee_id__c,YES,Employee_Id (partial name match),1931,1970-01-01T00:00:00Z
Employee Registered,employee_registered__c,NO,,,
Employee Status,employee_status__c,NO,,,
Employee Type,employee_type__c,NO,,,
Employee Type Detail,employee_type_detail__c,NO,,,
Employment History Org Name,avtrrt__employment_history_org_name__c,NO,,,
Employment Summary,avtrrt__employment_summary__c,NO,,,
Encrypted Password,fcms__encrypted_password__c,NO,,,
End Date of Last Placement,end_date_of_last_placement__c,NO,,,
End Of Day,avtrrt__end_of_day__c,NO,,,
Engage,engage__c,NO,,,
ESY,esy__c,NO,,,
Ethnicity,avtrrt__ethnicity__c,NO,,,
EVerify Case Number,everify_case_number__c,NO,,,
EVerify Completed,everify_completed__c,NO,,,
Executive Summary,executive_summary__c,NO,,,
Experience,avtrrt__experience__c,NO,,,
Explain limited/part time requirements,explain_limited_part_time_requirements__c,NO,,,
External ID,avtrrt__external_id__c,NO,,,
FacebookId,fcms__facebookid__c,NO,,,
Facility Type,facility_type__c,NO,,,
Fax Opt Out,hasoptedoutoffax,NO,,,
Federal Additional Withholding,tms__federal_additional_withholding__c,NO,,,
Federal Exemptions,federal_exemptions__c,NO,,,
Federal Filing Status,tms__federal_filing_status__c,NO,,,
Federal Marital Status,federal_marital_status__c,NO,,,
Federal Tax Additional Amount,federal_tax_additional_amount__c,NO,,,
Federal Tax Deductions Amount,federal_tax_deductions_amount__c,NO,,,
Federal Tax Dependents Amount,federal_tax_dependents_amount__c,NO,,,
Federal Tax Exemptions,federal_tax_exemptions__c,NO,,,
Federal Tax Filing Status,federal_tax_filing_status__c,NO,,,
Federal Tax Form Year,federal_tax_form_year__c,NO,,,
Federal Tax Multiple Jobs,federal_tax_multiple_jobs__c,NO,,,
Federal Tax Non-Resident Alien,federal_tax_non_resident_alien__c,NO,,,
Federal Tax Other Income Amount,federal_tax_other_income_amount__c,NO,,,
First Name,firstname,YES,FirstName / firstName / firstname / first_name,112420 / 34834 / 149 / 71018,2026-02-12T16:16:55Z
Form I-94 Admission Number,b3o__form_i_94_admission_number__c,NO,,,
Full Name,name,YES,Full_Name / Fullname / name,20971 / 8680 / 52,2026-02-09T17:04:51Z
Gender,avtrrt__gender__c,YES,AVTRRT__Gender__c,12404,2026-02-12T14:59:10Z
General Competency,avtrrt__general_competency__c,NO,,,
Generate Reference Invitation,generate_reference_invitation__c,NO,,,
Geolocation,avtrrt__geolocation__c,NO,,,
Geolocation (Latitude),avtrrt__geolocation__latitude__s,NO,,,
Geolocation (Longitude),avtrrt__geolocation__longitude__s,NO,,,
GoogleId,fcms__googleid__c,NO,,,
Graduating Term,graduating_term__c,NO,,,
Graduating Year,graduating_year__c,NO,,,
Gross Margin,avtrrt__gross_margin__c,NO,,,
Gross Profit,avtrrt__gross_profit__c,NO,,,
Harassment Training,harassment_training__c,NO,,,
Harassment Training Paid Date,harassment_training_paid_date__c,NO,,,
Hard Skills,hard_skills__c,NO,,,
Have/Plan to Obtain license/Credentials?,have_ot_plan_to_obtain__c,NO,,,
Hire Date,tms__hire_date__c,NO,,,
Holiday Hours Taken,holiday_hours_taken__c,NO,,,
Home Address (City),home_address__city__s,NO,,,
Home Address (Country/Territory),home_address__countrycode__s,NO,,,
Home Address (Geocode Accuracy),home_address__geocodeaccuracy__s,NO,,,
Home Address (Latitude),home_address__latitude__s,NO,,,
Home Address (Longitude),home_address__longitude__s,NO,,,
Home Address (State/Province),home_address__statecode__s,NO,,,
Home Address (Street),home_address__street__s,NO,,,
Home Address (ZIP/Postal Code),home_address__postalcode__s,NO,,,
Home Department,tms__home_department__c,NO,,,
Home Email,avtrrt__home_email__c,NO,,,
Home Phone,homephone,NO,,,
i9 Authorized Representative Form,b3_i9authorizedrepresentativeform__c,NO,,,
i9 Authorized Representative Submitter,b3_i9authorizedrepresentativesubmitter__c,NO,,,
i9 Candidate State,b3_i9candidatestate__c,NO,,,
i9 Candidate Submitter,b3_i9candidatesubmitter__c,NO,,,
i9 Document List Type,b3_i9documentlisttype__c,NO,,,
i9 Document URL AR,b3_i9documenturlar__c,NO,,,
i9 Document URL Candidate,b3_i9documenturlcandidate__c,NO,,,
i9 Document URL PT,b3_i9documenturlpt__c,NO,,,
i9 List A Documents,b3_i9listadocuments__c,NO,,,
i9 List B Documents,b3_i9listbdocuments__c,NO,,,
i9 List C Documents,b3_i9listcdocuments__c,NO,,,
i9 Preparer-Translator Required,b3_i9preparertranslatorrequired__c,NO,,,
i9 Preparer-Translator State,b3_i9preparertranslatorstate__c,NO,,,
i9 Preparer-Translator Submitter,b3_i9preparertranslatorsubmitter__c,NO,,,
I9 Received,i9_received__c,NO,,,
i9 Submission Request,b3_i9submissionrequest__c,NO,,,
i9A-Additional Information,i9a_additional_information__c,NO,,,
i9A-AlternativeDHSProcedure,i9a_alternativedhsprocedure__c,NO,,,
i9A-EmployersAddress,i9a_employersaddress__c,NO,,,
i9A-EmployersNameAndTitle,i9a_employersnameandtitle__c,NO,,,
i9A-EmployersOrganisationName,i9a_employersorganisationname__c,NO,,,
i9A-FirstDayOfEmployment,i9a_firstdayofemployment__c,NO,,,
i9A-LA-DocumentNumber1,i9a_la_documentnumber1__c,NO,,,
i9A-LA-DocumentTitle1,i9a_la_documenttitle1__c,NO,,,
i9A-LA-ExpirationDate1,i9a_la_expirationdate1__c,NO,,,
i9A-LA-IssuingAuthority1,i9a_la_issuingauthority1__c,NO,,,
i9A-LB-DocumentNumber1,i9a_lb_documentnumber1__c,NO,,,
i9A-LB-DocumentTitle1,i9a_lb_documenttitle1__c,NO,,,
i9A-LB-ExpirationDate1,i9a_lb_expirationdate1__c,NO,,,
i9A-LB-IssuingAuthority1,i9a_lb_issuingauthority1__c,NO,,,
i9A-LC-DocumentNumber1,i9a_lc_documentnumber1__c,NO,,,
i9A-LC-DocumentTitle1,i9a_lc_documenttitle1__c,NO,,,
i9A-LC-ExpirationDate1,i9a_lc_expirationdate1__c,NO,,,
i9A-LC-IssuingAuthority1,i9a_lc_issuingauthority1__c,NO,,,
i9C-Address,i9c_address__c,NO,,,
i9C-AptNumber,i9c_aptnumber__c,NO,,,
i9C-Citizenship1,i9c_citizenship1__c,NO,,,
i9C-Citizenship2,i9c_citizenship2__c,NO,,,
i9C-Citizenship3,i9c_citizenship3__c,NO,,,
i9C-Citizenship3ExpDate,i9c_citizenship3expdate__c,NO,,,
i9C-Citizenship4,i9c_citizenship4__c,NO,,,
i9C-CitizenshipChoice,i9c_citizenshipchoice__c,NO,,,
i9C-CityOrTown,i9c_cityortown__c,NO,,,
i9C-CTZ3USCISANumber,i9c_ctz3uscisanumber__c,NO,,,
i9C-CTZ4USCISANumber,i9c_ctz4uscisanumber__c,NO,,,
i9C-DateOfBirth,i9c_dateofbirth__c,NO,,,
i9C-EmployeesEmailAddress,i9c_employeesemailaddress__c,NO,,,
i9C-EmployeesPhoneNumber,i9c_employeesphonenumber__c,NO,,,
i9C-FirstName,i9c_firstname__c,NO,,,
i9C-ForeignPassportAndCountry,i9c_foreignpassportandcountry__c,NO,,,
i9C-FormI94AdmissionNumber,i9c_formi94admissionnumber__c,NO,,,
i9C-LastName,i9c_lastname__c,NO,,,
i9C-MiddleInitial,i9c_middleinitial__c,NO,,,
i9C-OtherLastNames,i9c_otherlastnames__c,NO,,,
i9C-PreparerTranslator,i9c_preparertranslator__c,NO,,,
i9C-PreparerTranslatorEmail,i9c_preparertranslatoremail__c,NO,,,
i9C-PreparerTranslatorFullName,i9c_preparertranslatorfullname__c,NO,,,
i9C-State,i9c_state__c,NO,,,
i9C-Trigger,i9c_trigger__c,NO,,,
i9C-USSSN,i9c_usssn__c,NO,,,
i9C-ZipCode,i9c_zipcode__c,NO,,,
i9PT-Address,i9pt_address__c,NO,,,
i9PT-CityorTown,i9pt_cityortown__c,NO,,,
i9PT-FirstName,i9pt_firstname__c,NO,,,
i9PT-LastName,i9pt_lastname__c,NO,,,
i9PT-MiddleInitial,i9pt_middleinitial__c,NO,,,
i9PT-State,i9pt_state__c,NO,,,
i9PT-ZIPCode,i9pt_zipcode__c,NO,,,
Ideal Bill Rate at 30% GM,ideal_bill_rate_at_30_gm__c,NO,,,
Ideal comp for this therapist:,ideal_comp_for_this_therapist__c,NO,,,
Ideal Pay Range,ideal_pay_range__c,NO,,,
image,image__c,NO,,,
Inactive Contact,inactive_contact__c,NO,,,
Indeed Profile URL,jobbs__indeed_profile_url__c,NO,,,
Individual Id,individual_id__c,NO,,,
Informal Name,informalname,NO,,,
Integration Control,trbof__integration_control__c,NO,,,
Integration Error,integrationerror__c,NO,,,
Integration Source,avtrrt__integration_source__c,NO,,,
Integration Status,integrationstatus__c,NO,,,
Internal Candidate,avtrrt__internal_candidate__c,NO,,,
Inventory Code,inventory_code__c,NO,,,
Invoice Number,invoice_number__c,NO,,,
Is Clinic Time Paid,is_clinic_time_paid__c,NO,,,
Is Duplicate,avtrrt__is_duplicate__c,NO,,,
Is Email Bounced,isemailbounced,NO,,,
Is Paid by WFN,is_paid_by_wfn__c,NO,,,
IT Competency,avtrrt__it_competency__c,NO,,,
IVP Card Expiration,ivp_card_expiration__c,NO,,,
IVP Card Number,ivp_card_number__c,NO,,,
Jigsaw Contact ID,jigsawcontactid,NO,,,
Job Board ProfileId,jobbs__job_board_profileid__c,NO,,,
Job Category,avtrrt__general_job_category_sought__c,NO,,,
Job Search,avtrrt__job_search__c,NO,,,
Job Site,fcms__job_site__c,NO,,,
Job Status Auto-Match,job_status_auto_match__c,NO,,,
Job Title,avtrrt__job_title__c,NO,,,
Jobs,avtrrt__jobs__c,NO,,,
Jobs Applied,avtrrt__jobs_applied__c,NO,,,
Jobs Notified,avtrrt__jobs_notified_long__c,NO,,,
Languages,languages_custom__c,NO,,,
Last Activity,lastactivitydate,NO,,,
Last Activity Date,last_activity_date__c,YES,Last_Activity_Date__c,2220,1970-01-01T00:00:00Z
Last Approved Reference Date,last_approved_reference_date__c,NO,,,
Last Contact Activity,last_contact_activity__c,NO,,,
Last Contact Date,last_contact_date__c,YES,Last Contact Date / LastContacted,8135 / 11662,1970-01-01T00:00:00Z
Last Day Worked,last_day_worked__c,NO,,,
Last i9 Signed Date,last_i9_signed_date__c,NO,,,
Last Login Date,last_login_date__c,NO,,,
Last Modified By ID,lastmodifiedbyid,NO,,,
Last Modified Date,lastmodifieddate,NO,,,
Last Name,lastname,YES,LastName / lastName / lastname / last_name,112012 / 35179 / 143 / 71196,2026-02-12T16:16:55Z
Last Referenced Date,lastreferenceddate,NO,,,
Last References Requested Date,last_references_requested_date__c,NO,,,
Last Stay-in-Touch Request Date,lastcurequestdate,NO,,,
Last Stay-in-Touch Save Date,lastcuupdatedate,NO,,,
Last Viewed Date,lastvieweddate,NO,,,
Latitude,avtrrt__lat__c,NO,,,
Lead Source,leadsource,NO,,,
Legal Address (City),address_1__city__s,NO,,,
Legal Address (Country/Territory),address_1__countrycode__s,NO,,,
Legal Address (Geocode Accuracy),address_1__geocodeaccuracy__s,NO,,,
Legal Address (Latitude),address_1__latitude__s,NO,,,
Legal Address (Longitude),address_1__longitude__s,NO,,,
Legal Address (State/Province),address_1__statecode__s,NO,,,
Legal Address (Street),address_1__street__s,NO,,,
Legal Address (ZIP/Postal Code),address_1__postalcode__s,NO,,,
Legal First Name,legal_first_name__c,NO,,,
Legal Last Name,legal_last_name__c,NO,,,
Legal Middle Name,legal_middle_name__c,NO,,,
Liability Insurance,liability_insurance__c,NO,,,
Liability Insurance Expiration,liability_insurance_expiration__c,NO,,,
License Expiration,license_expiration__c,NO,,,
License Expiration 2,license_expiration_2__c,NO,,,
License Expiration 3,license_expiration_3__c,NO,,,
License/Credential w/ Exp (In Files),license_credential_w_exp_in_files__c,NO,,,
LinkedIn Profile URL,jobbs__linkedin_profile_url__c,NO,,,
LinkedInId,fcms__linkedinid__c,NO,,,
LiveScan,livescan__c,NO,,,
Livescan Notes,livescan_notes__c,NO,,,
LOA End Date,loa_end_date__c,NO,,,
LOA Start Date,loa_start_date__c,NO,,,
LOA Type,loa_type__c,NO,,,
Location,avtrrt__location__c,NO,,,
Location Code,location_code__c,NO,,,
Login URL,fcms__login_url__c,NO,,,
Longitude,avtrrt__lon__c,NO,,,
Maiden Name,maiden_name__c,NO,,,
Mailing Address,mailing_address__c,YES,Mailing_Address__c,4,1970-01-01T00:00:00Z
Mailing Geocode Accuracy,mailinggeocodeaccuracy,NO,,,
Mandated Reporter Training Paid Date,mandated_reporter_training_paid_date__c,NO,,,
Mandated Reporter Training Pay,mandated_reporter_training_pay__c,NO,,,
Mandated Training Completed,mandated_training_completed__c,NO,,,
Mandated Training Report,mandated_training_report__c,NO,,,
Mapping Address,avtrrt__map_which_address__c,NO,,,
Mapping Status,avtrrt__mapping_status__c,NO,,,
Margin,avtrrt__margin__c,NO,,,
Marketing Details,marketing_details__c,NO,,,
Master Record ID,masterrecordid,NO,,,
Medicaid,medicaid__c,NO,,,
Medicare,medicare__c,NO,,,
Metro Region,metro_region__c,NO,,,
Metro State,metro_state__c,NO,,,
Middle Name,middlename,NO,,,
Migration Id,avtrrt__migration_id__c,NO,,,
Miles for Search,avtrrt__miles_for_search__c,NO,,,
Mobile Compliance Complete,mobile_compliance_complete__c,NO,,,
Mobile Phone,mobilephone,YES,MobilePhone,24160,2026-02-12T16:16:55Z
MVR Clearance,mvr_clearance__c,NO,,,
Naics Workers Comp Code,tms__naics_workers_comp_code__c,NO,,,
National Identity Number,b3o__national_identity_number__c,NO,,,
Netsuite Internal ID,netsuiteinternalid__c,NO,,,
New Email,avtrrt__new_email__c,NO,,,
New Hire Packet,new_hire_packet__c,NO,,,
Next School Year,next_school_year__c,NO,,,
Nick Name,nick_name__c,NO,,,
No E-Blasts,no_e_blasts__c,NO,,,
Notes and Comments,avtrrt__notes_and_comments__c,NO,,,
Notice Required,notice_required__c,NO,,,
Notify Candidate,avtrrt__notify_candidate__c,NO,,,
Number Of Future Days for Shifts,avtrrt__number_of_future_days_for_shifts__c,NO,,,
Online Profile Link,avtrrt__online_profile_link__c,NO,,,
Open For Relocation,avtrrt__open_for_relocation__c,NO,,,
Open to any caseload/population?,open_to_any_caseload_population__c,NO,,,
Open to Supervision,open_to_supervision__c,NO,,,
Organization Name,fcms__organization_name__c,NO,,,
Other City,othercity,NO,,,
Other Competency,avtrrt__other_competency__c,NO,,,
Other Country,othercountry,NO,,,
Other Emails,avtrrt__other_emails__c,MAYBE,other_emails (partial name match),589,2026-02-11T21:19:12Z
Other Geocode Accuracy,othergeocodeaccuracy,NO,,,
Other Latitude,otherlatitude,NO,,,
Other Longitude,otherlongitude,NO,,,
Other Phone,otherphone,MAYBE,other_phone (partial name match),913,2026-02-12T00:02:41Z
Other State/Province,otherstate,NO,,,
Other Street,otherstreet,NO,,,
Other Zip/Postal Code,otherpostalcode,NO,,,
Overall Reference Status,overall_reference_status__c,NO,,,
Owner Business Unit,contact_owner_business_unit__c,NO,,,
Owner ID,ownerid,YES,OwnerId,54035,2026-02-12T16:17:51Z
Owner Name,owner_name__c,YES,Owner_Name__c,86899,2026-02-12T16:17:51Z
Ownership is Permanent,ownership_is_permanent__c,NO,,,
Pager,avtrrt__pager__c,NO,,,
Parse Resume Migration Id,avtrrt__parse_resume_migration_id__c,NO,,,
Password,b3p__password__c,NO,,,
Password Reset,b3o__password_reset__c,NO,,,
Pay Frequency Code,pay_frequency_code__c,NO,,,
Payroll Status,payroll_status__c,NO,,,
PDD Hours Adjustment,pdd_hours_adjustment__c,NO,,,
PDD Hours Taken,pdd_hours_taken__c,NO,,,
Percentage of Travel,avtrrt__percentage_of_travel__c,NO,,,
Permanent Resident/Employment Auth,permanent_resident_employment_auth__c,NO,,,
Personal E-mail Address,personal_e_mail_address__c,NO,,,
Phone Extension,phone_extension__c,NO,,,
Photo Received,photo_received__c,NO,,,
Photo URL,photourl,NO,,,
PortalEmailAlert,fcms__portalemailalert__c,NO,,,
Position ID,position_id__c,NO,,,
Position Start Date,position_start_date__c,NO,,,
POSITION USES TIME,position_uses_time__c,NO,,,
Postal Code,avtrrt__postal_code__c,MAYBE,PostalCode (partial name match),10992,2026-02-12T14:27:23Z
Posted Location,posted_location__c,NO,,,
Preferred Contact Method,preferred_contact_method__c,NO,,,
Preferred Job Term,avtrrt__preferred_job_term__c,NO,,,
Preferred Shifts,avtrrt__preferred_shifts__c,NO,,,
Pre-Hire Date,pre_hire_date__c,NO,,,
Pre-Hire Documentation Status,pre_hire_documentation_status__c,NO,,,
Prescreen Record Types,prescreen_record_types__c,NO,,,
Prescreens,prescreens__c,NO,,,
Previous Employers,avtrrt__previous_employers__c,NO,,,
Previous Titles,avtrrt__previous_titles__c,NO,,,
Primary Account Contact,primary_account_contact__c,NO,,,
Primary Specialty,primary_specialty__c,MAYBE,Specialty (partial name match),32735,1970-01-01T00:00:00Z
Priority,priority__c,NO,,,
Profession,b3o__profession__c,NO,,,
Profile Manager Email,fcms__profile_manager_email__c,NO,,,
Profile Manager Name,fcms__profile_manager_name__c,NO,,,
PT Submitter,pt_submitter__c,NO,,,
PTO Hours Adjustment,pto_hours_adjustment__c,NO,,,
PTO Hours Taken,pto_hours_taken__c,NO,,,
PTO Non Student Hours,pto_non_student_hours__c,NO,,,
PTO Non Student Hours Taken,pto_non_student_hours_taken__c,NO,,,
PTO Remaining New,pto_remaining_new__c,NO,,,
Publish,trgtfcms__publish__c,NO,,,
Qualified Status,qualified_status__c,NO,,,
Quick Note,quick_note__c,NO,,,
Race,race__c,NO,,,
Rate 1 Amount,tms__rate_1_amount__c,NO,,,
Recent Hotbook,avtrrt__recent_hotbook_name__c,NO,,,
Recent Hotbook (Lookup),avtrrt__recent_hotbook__c,NO,,,
Recently Created Job Order Date,recently_created_job_order_date__c,NO,,,
Record Type ID,recordtypeid,YES,RecordTypeId,34823,2026-02-12T16:16:51Z
Record Type Name,avtrrt__record_type_name__c,NO,,,
Recruiter,avtrrt__recruiter__c,YES,AVTRRT__Recruiter__c / Recruiter,464 / 13937,1970-01-01T00:00:00Z
Recruiter Comments,recruiter_comments__c,NO,,,
Recruiter Follow Up Date,recruiter_follow_up_date__c,NO,,,
Recruiter Screening Date,recruiter_interview_date__c,NO,,,
Redeploy (this SY),redeploy_this_sy__c,NO,,,
Reference Request Internal,reference_request_internal__c,NO,,,
Reference Submission Form,avtrrt__reference_submission_form__c,NO,,,
Referral,referral__c,YES,Referral__c,1,1970-01-01T00:00:00Z
Referral Bonus Paid Date,referral_bonus_paid_date__c,NO,,,
Referral Date,avtrrt__referral_date__c,YES,AVTRRT__Referral_Date__c,7,1970-01-01T00:00:00Z
Referral Email,referral_email__c,NO,,,
Referral First Name,referral_first_name__c,NO,,,
Referral Last Name,referral_last_name__c,NO,,,
Referral Relationship,avtrrt__referral_relationship__c,YES,AVTRRT__Referral_Relationship__c,6,1970-01-01T00:00:00Z
Referral Source,avtrrt__referral_source__c,NO,,,
Referred By,referred_by__c,YES,Referred_By__c,10,1970-01-01T00:00:00Z
Registered on Portal,registered_on_portal__c,NO,,,
Registration Approved,fcms__registration_approved__c,NO,,,
Relationship Manager,relationship_manager__c,NO,,,
Relationship Manager Last Contact Date,relationship_manager_last_contact_date__c,NO,,,
Reports To ID,reportstoid,NO,,,
Require H1-B Visa?,require_h1__c,NO,,,
Requirements Needed Date,requirements_needed_date__c,NO,,,
Requirements Needed Details,requirements_needed_details__c,NO,,,
Requirements Needed Type,requirements_needed_type__c,NO,,,
Resume,avtrrt__resumerich__c,NO,,,
Resume Attachment Id,avtrrt__resume_attachment_id__c,NO,,,
Resume Download,trgtfcms__resume_download__c,NO,,,
Resume Link,avtrrt__resume_link__c,NO,,,
Resume Name,avtrrt__resume_name__c,NO,,,
Resume Parsed XML,avtrrt__resume_parsed_xml__c,NO,,,
Resume Preview,avtrrt__resume_preview__c,NO,,,
Resume Received Date,avtrrt__resume_received_date__c,NO,,,
Resume Source,avtrrt__source__c,NO,,,
Resume URL,avtrrt__resume_url__c,NO,,,
RETIRED Search Address (City),search_address__city__s,NO,,,
RETIRED Search Address (Country/Territory),search_address__countrycode__s,NO,,,
RETIRED Search Address (Geocode Accuracy),search_address__geocodeaccuracy__s,NO,,,
RETIRED Search Address (Latitude),search_address__latitude__s,NO,,,
RETIRED Search Address (Longitude),search_address__longitude__s,NO,,,
RETIRED Search Address (State/Province),search_address__statecode__s,NO,,,
RETIRED Search Address (Street),search_address__street__s,NO,,,
RETIRED Search Address (ZIP/Postal Code),search_address__postalcode__s,NO,,,
Revenue,avtrrt__revenue__c,NO,,,
RM Last Activity Date,rm_last_activity_date__c,NO,,,
RM: Personal fun facts,rm_personal_fun_facts__c,NO,,,
ROE,roe__c,YES,ROE__c,12971,1970-01-01T00:00:00Z
Routing #,tms__routing__c,NO,,,
Routing # (other),tms__routing_other__c,NO,,,
Salesforce 18-Digit ID,salesforce_18_digit_id__c,NO,,,
Salutation,salutation,NO,,,
Search City,mailingcity,NO,,,
Search Country,mailingcountry,NO,,,
Search Latitude,mailinglatitude,NO,,,
Search Longitude,mailinglongitude,NO,,,
Search State/Province,mailingstate,NO,,,
Search Street,mailingstreet,NO,,,
Search Zip/Postal Code,mailingpostalcode,NO,,,
Setting,setting__c,NO,,,
Sick Hours Taken,sick_hours_taken__c,NO,,,
Skill Codes,skill_codes__c,NO,,,
Skill Matched,avtrrt__skill_matched__c,NO,,,
Skills Checklist,skills_checklist__c,NO,,,
Skip Duplicate Check,avtrrt__skip_duplicate_check__c,NO,,,
Sourcer,sourcer__c,NO,,,
Sourcer Add Date,sourcer_add_date__c,NO,,,
SSN,avtrrt__ssn__c,NO,,,
Star Rating,avtrrt__star_rating__c,NO,,,
Start Of Day,avtrrt__start_of_day__c,NO,,,
State,avtrrt__state__c,YES,State / state,30069 / 1874,2026-02-12T14:27:23Z
State Additional Withholding,tms__state_additional_withholding__c,NO,,,
State Filing Status,tms__state_filing_status__c,NO,,,
State Marital Status,state_marital_status__c,NO,,,
State Withholding Table,tms__state_withholding_table__c,NO,,,
States I Hire In,states_i_hire_in__c,NO,,,
States Interested In,states_interested_in__c,YES,States_Interested_In__c,8517,2026-02-11T17:46:16Z
States Licensed In,states_licensed_in__c,YES,States_Licensed_In__c,9599,2026-02-11T17:46:16Z
Status Flag 1,status_flag_1__c,NO,,,
Status Flag 7,status_flag_7__c,NO,,,
Stop 3B Email Reminders,stop_3b_email_reminders__c,NO,,,
Stop 3B Text Reminders,stop_3b_text_reminders__c,NO,,,
Street Address,avtrrt__street_address__c,NO,,,
Submission Request,submission_request__c,NO,,,
Suffix,suffix,NO,,,
SUI/SDI Tax Jurisdiction Code,sui_sdi_tax_jurisdiction_code__c,NO,,,
Summary,b3o__summary__c,NO,,,
Summer Ins Program,summer_ins_program__c,NO,,,
Supervisor Reference Ready Date,supervisor_reference_ready_date__c,NO,,,
Supervisor References,supervisor_references__c,NO,,,
SUPERVISORFLAG,supervisorflag__c,NO,,,
SUPERVISORID,supervisorid__c,NO,,,
Survey Rating,avtrrt__survey_rating__c,NO,,,
Survey Responses Count,avtrrt__survey_responses_count__c,NO,,,
System Modstamp,systemmodstamp,NO,,,
Talent Plus Assessment URL,avtrrt__talent_plus_assessment_url__c,NO,,,
Target Bill Rate,avtrrt__target_bill__c,NO,,,
Tax Home Address Indicated,tax_home_address_indicated__c,NO,,,
Tax Home Declaration Cleared,tax_home_declaration_cleared__c,NO,,,
Tax ID Number,tax_id_number1__c,NO,,,
Tax ID Type,tax_id_type__c,NO,,,
Tax Status,tax_status__c,NO,,,
TB Test Completed,tb_test_completed__c,NO,,,
TB Test Type,tb_test_type__c,NO,,,
Terminated Date,terminated_date__c,NO,,,
TextUs Indexed Phone,tubl__textus_indexed_phone__c,NO,,,
TextUs Indexed Phone 2,tubl__textus_indexed_phone_2__c,NO,,,
TextUs Indexed Phone 3,tubl__textus_indexed_phone_3__c,NO,,,
TextUs Indexed Phone 4,tubl__textus_indexed_phone_4__c,NO,,,
TextUs Indexed Phone 5,tubl__textus_indexed_phone_5__c,NO,,,
TextUs Phone,tubl__textus_phone__c,NO,,,
Therapist Needed,therapist_needed__c,NO,,,
Time Off Policy Assignment Start Date,time_off_policy_assignment_start_date__c,NO,,,
Time Off Policy Name,time_off_policy_name__c,NO,,,
Time Off Reset Date,time_off_reset_date__c,NO,,,
Time Zone,avtrrt__time_zone__c,NO,,,
Timesheet Notification Preferences,timesheet_notification_preferences__c,NO,,,
Title,title,YES,Title,1187,1970-01-01T00:00:00Z
Tobacco User,tobacco_user__c,NO,,,
Topics/Hotbooks,topics_hotbooks__c,NO,,,
Total Experience (Months),avtrrt__total_experience_months__c,NO,,,
Total Experience (Years),avtrrt__total_experience_years__c,NO,,,
Total Hours Worked,total_hours_worked__c,NO,,,
TP Assessment Language,avtrrt__tp_assessment_language__c,NO,,,
Training Paid Date,training_paid_date__c,NO,,,
TRANSFERTOPAYROLL,transfertopayroll__c,NO,,,
Traveler,traveler__c,NO,,,
TShirt,tshirt__c,NO,,,
Unique Number,unique_number__c,NO,,,
University Account,university_account__c,NO,,,
Unqualified,unqualified__c,NO,,,
Update Gross Values,avtrrt__update_gross_values__c,NO,,,
Update Skills,avtrrt__update_skills__c,NO,,,
Updated Account from Current Employer,avtrrt__updated_account_from_current_employer__c,NO,,,
USCIS A-Number,b3o__uscis_a_number__c,NO,,,
UserName,fcms__username__c,NO,,,
Valid Drivers License,valid_drivers_license__c,NO,,,
Verified Timestamp,b3o__verified_timestamp__c,NO,,,
Veteran Status,avtrrt__veteran_status__c,NO,,,
Video Resume Link,avtrrt__video_resume_link__c,NO,,,
Virtual/On-Site,virtual_on_site__c,NO,,,
Waiver Expiration Date,waiver_expiration_date__c,NO,,,
Waiver Status,waiver_status__c,NO,,,
WC COI Expiration,wc_coi_expiration__c,NO,,,
Welcome Gift Sent,welcome_gift_sent__c,NO,,,
WhatsApp Id,avtrrt__whatsapp_id__c,NO,,,
WhatsApp Opt-in,avtrrt__whatsapp_opt_in__c,NO,,,
WhatsApp Opt-in Channel Type,avtrrt__whatsapp_opt_in_channel_type__c,NO,,,
WhatsApp Opt-in Date & Time,avtrrt__whatsapp_opt_in_date_time__c,NO,,,
Why this therapist is amazing,why_this_therapist_is_amazing__c,NO,,,
Won't Renew Without Increase,won_t_renew_without_increase__c,NO,,,
Work Details,avtrrt__resume__c,NO,,,
Work Status,avtrrt__work_status__c,NO,,,
Worked In Country,worked_in_country__c,NO,,,
Worked State Tax Code,tms__worked_state_tax_code__c,NO,,,
Working Timezone,avtrrt__working_timezone__c,NO,,,
Amount,tms__amount__c,NO,,,
Assistant's Name,assistantname,NO,,,
Asst. Email,asst_email__c,NO,,,
Asst. Phone,assistantphone,NO,,,
Availability,avtrrt__availability__c,NO,,,
Birthday,avtrrt__birthday__c,NO,,,
Cost,avtrrt__cost__c,NO,,,
Country,avtrrt__country__c,NO,,,
Date Date Picklist Date Date Long Text A,date_date_picklist_date_date_long_text_a__c,NO,,,
Days Available,avtrrt__days_available__c,NO,,,
Days Since PayPackages Auto Email Sent,avtrrt__days_since_paypackages_auto_email_sent__c,NO,,,
Department,avtrrt__department__c,NO,,,
Disciplines,b3o__disciplines__c,NO,,,
Do Not Calculate Federal Tax (tms),tms__do_not_calculate_federal_tax__c,NO,,,
Eeo Ethnic Code,tms__eeo_ethnic_code__c,NO,,,
Email Bounced Date (custom),email_bounced_date__c,NO,,,
Email Bounced Reason (custom),emailbouncedreason__c,NO,,,
Federal Exemptions (tms),tms__federal_exemptions__c,NO,,,
Full Name (avtrrt),avtrrt__full_name__c,NO,,,
Full Name (custom),full_name_custom__c,NO,,,
Gender (tms),tms__gender__c,NO,,,
Is W2,tms__is_w2__c,NO,,,
isRequired,avtrrt__isrequired__c,NO,,,
Jobs Notified Old,avtrrt__jobs_notified__c,NO,,,
Languages (avtrrt),avtrrt__languages__c,NO,,,
Languages (ts2),ts2_languages__c,NO,,,
Legacy Current Salary,current_salary__c,NO,,,
Legacy Email,legacy_email__c,NO,,,
Legacy Expected Salary,expected_salary__c,NO,,,
Legacy Primary Email,legacy_primary_email__c,NO,,,
Legacy Primary Phone,legacy_primary_phone__c,NO,,,
Legacy Referred By,legacy_referred_by__c,NO,,,
Legacy Title,legacy_title__c,NO,,,
Linkedin Profile Link,b3o__linkedin_profile_link__c,NO,,,
Locations: 2nd Choice,avtrrt__x2nd_choice__c,NO,,,
Middle Name (tms),tms__middle_name__c,NO,,,
Migration External ID,migration_external_id__c,NO,,,
MileRadius 1,mileradius1__c,NO,,,
MileRadius 2,mileradius2__c,NO,,,
MileRadius 3,mileradius3__c,NO,,,
MileRadius 4,mileradius4__c,NO,,,
Password (b3o),b3o__password__c,NO,,,
Password (fcms),fcms__password__c,NO,,,
Past TT Employee,past_tt_employee__c,NO,,,
Phone (avtrrt),avtrrt__phone__c,YES,AVTRRT__Phone__c,16,1970-01-01T00:00:00Z
Preferred Zipcode1,preferred_zipcode1__c,NO,,,
Preferred Zipcode2,preferred_zipcode2__c,NO,,,
Preferred Zipcode3,preferred_zipcode3__c,NO,,,
Preferred Zipcode4,preferred_zipcode4__c,NO,,,
Prescreens (skills_checklists),skills_checklists__c,NO,,,
Recent Job Hotbook Date,recent_job_hotbook_date__c,NO,,,
Recent Job Hotbook Name,recent_job_hotbook_name__c,NO,,,
Referral Date (custom),referral_date_custom__c,NO,,,
SS #,tms__ss__c,NO,,,
State Name,state_name__c,NO,,,
State Name 2,state_name_2__c,NO,,,
State Name 3,state_name_3__c,NO,,,
Sui/Sdi Tax Jurisdiction Code (tms),tms__sui_sdi_tax_jurisdiction_code__c,NO,,,
Tax ID Number (alt),tax_id_number__c,NO,,,
Temporary Password (b3o),b3o__temporary_password__c,NO,,,
Auto Number,auto_number__c,NO,,,
Bank Account Type,tms__bank_account_type__c,NO,,,
Bank Account Type (other),tms__bank_account_type_other__c,NO,,,
C_BankAccount_Type,c_bankaccount_type__c,NO,,,
C_Ethnicity,c_ethnicity__c,NO,,,
CandidateId,avtrrt__candidateid__c,NO,,,
Co Code,co_code__c,NO,,,
Co Code (tms),tms__co_code__c,NO,,,
Department (standard),department,NO,,,
Fax (avtrrt),avtrrt__fax__c,NO,,,
I-9,i_9__c,NO,,,
Locations: 1st Choice,avtrrt__locations_1st_choice__c,NO,,,
Per,per__c,NO,,,
Rate 3 Amount,rate_3_amount__c,NO,,,
Rate 4 Amount,rate_4_amount__c,NO,,,
Rate 5 Amount,rate_5_amount__c,NO,,,
Skill Set,skill_set__c,NO,,,
Skillset,avtrrt__autopopulate_skillset__c,NO,,,
State Exemptions,state_exemptions__c,NO,,,
State Exemptions (tms),tms__state_exemptions__c,NO,,,
Tax Type,tax_type__c,NO,,,
TaxType,taxtype__c,NO,,,
Temporary Password (b3p),b3p__temporary_password__c,NO,,,
Vendor (bofts),bofts__vendor__c,NO,,,
Vendor (trgtfcms),trgtfcms__vendor__c,NO,,,
Vendor Contact,trgtfcms__vendor_contact__c,NO,,,
Vendor Name,tms__vendor_name__c,NO,,,
Vendor Notes,trgtfcms__vendor_notes__c,NO,,,
